型式,行政區,場名,位置,緯度,經度,收費標準,大車,小車,機車,管理業者,聯絡電話,履約起迄
平面,甲仙區,甲仙林森,A區：林森路70號旁,23.082862,120.587988,小車計次(30元/6小時),0,35,0,歐特儀股份有限公司,903135731,113/04/01～119/03/31
-,-,-,B區：林森路75號旁,23.082262,120.587394,-,-,-,-,-,-,-
平面,杉林區,大愛園區,A區:清水路中學巷,22.96936,120.54251,-,27,120,0,環球大宇宙太陽能工業有限公司,980889269,110/06/01～120/04/30
-,-,-,B區:和氣街二巷1號對面,22.966443,120.542328,-,-,-,-,-,-,-
-,-,-,C區:合心路&互愛街,22.962941,120.539572,-,-,-,-,-,-,-
平面,美濃區,美濃泰安,A區：建美路&泰安路,22.902712,120.542015,小車計次(30元/6小時),10,106,13,歐特儀股份有限公司,903135731,-
-,-,-,B區：建美路&中山路一段,22.901584,120.542078,-,-,-,-,-,-,-
平面,旗山區,旗山體育場,旗山體育場旁,22.887265,120.480725,"小車平日計次(30元/6小時)
小車假日計時(15元/半小時)",0,20,0,歐特儀股份有限公司,903135731,113/10/01～119/03/31
平面,旗山區,旗山轉運站,旗山轉運站旁,22.884193,120.48476,"機車計次(15元/日)
小車計次(30元/6小時)",0,15,177,和雲行動服務股份有限公司,(02)25171453,109/04/01～114/03/31
平面,旗山區,旗山老街觀光,延平一路307巷59號對面,22.888282,120.485622,小車計次(30元/6小時),0,300,0,-,-,-
平面,大樹區,舊鐵橋,舊鐵橋濕地生態公園園區內,22.665424,120.427514,小車計次(30元/6小時),0,154,0,-,-,-
平面,大樹區,統嶺社區,佛光山寺對面,22.756314,120.448231,"小車平日計次(30元/6小時)
小車假日計時(15元/半小時)",0,1598,0,"佛光山寺
(公益認養)",-,-
平面,大樹區,九曲堂,久堂路＆新社街,22.658123,120.418761,小車計次(30元/6小時),0,46,0,竑穗興業股份有限公司,800208333,110/10/01～115/09/30
平面,阿蓮區,如意公園,台19甲大崗山意象園區入,22.852038,120.33422,小車計次(30元/6小時),10,265,187,俥亭事業股份有限公司,（07)5314002,112/11/01～117/10/31
平面,阿蓮區,南蓮,消防局第五大隊第一中隊阿蓮分隊旁,22.879128,120.329948,小車計次(30元/6小時),0,26,0,俥亭事業股份有限公司,(07)5314002,112/11/01～117/10/31
平面,阿蓮區,德宜,文學一街&成功街(柏園公園隔壁),22.884719,120.332282,小車計次(30元/6小時),0,36,0,俥亭事業股份有限公司,(07)5314002,112/11/01～117/10/31
平面,湖內區,長壽路,長壽路128號對面,22.884879,120.242858,小車計次(30元/6小時),0,28,0,俥亭事業股份有限公司,(07)5314002,112/09/01～117/08/31
立體,茄萣區,"興達港
(地上)",民族路51號,22.871711,120.194328,小車計時(5元/半小時),0,140,0,俥亭事業股份有限公司,(07)6989439,112/10/01～117/09/30
平面,茄萣區,金興,金鑾路&仁愛路,22.896045,120.184924,小車計次(30元/6小時),0,142,0,俥亭事業股份有限公司,(07)5314002,112/01/01～116/12/31
平面,茄萣區,興達,大發路(興達觀光漁市旁),22.868525,120.192958,"小車計次(50元/6小時)
大車計次(100元/6小時)",15,140,0,俥亭事業股份有限公司,(07)6989640,112/10/01～117/09/30
平面,茄萣區,崎漏,濱海路一段&建興街,22.873595,120.191209,小車計次(30元/6小時),0,38,0,"車棚：全盈光電有限公司
停車：辰淵企業股份有限公司","0800035518
0925018057","111/09/01～121/07/31
113/12/21～121/07/31"
平面,燕巢區,燕巢燕北,中北路238巷27-1號對面,22.796874,120.36253,小車計次(30元/6小時),0,24,0,歐特儀股份有限公司,903135731,113/04/01～119/03/31
平面,路竹區,路竹民富,民強街&民富街,22.854027,120.26285,小車計次(30元/6小時),0,34,37,"車棚：環球大宇宙太陽能工業有限公司
停車：凱映國際股份有限公司","0980889269
0903030408","110/06/01～120/04/30
113/03/01～120/04/30"
平面,路竹區,竹東,中正路106號對面,22.856146,120.262748,小車計次(30元/6小時),0,34,0,俥亭事業股份有限公司,(07)5314002,112/10/01～117/09/30
平面,路竹區,延平,延平路170號旁,22.858268,120.256633,小車計次(30元/6小時),0,42,0,俥亭事業股份有限公司,(07)5314002,112/10/01～117/09/30
平面,永安區,烏樹林,永安路一巷，永安宮廣場隔壁,22.817869,120.224527,小車計次(30元/6小時),0,12,0,俥亭事業股份有限公司,(07)5314002,112/09/01～117/08/31
平面,大社區,大社自強街,區公所對面；自強街上,22.730015,120.346801,小車計次(30元/6小時),0,28,0,歐特儀股份有限公司,903135731,113/04/01～118/03/31
平面,大社區,大社觀音山,翠屏路108巷&鹽埕巷,22.72809,120.370916,小車計次(30元/6小時),0,108,26,歐特儀股份有限公司,903135731,113/04/01～119/03/31
立體,岡山區,"岡山
(地上)",大仁北路3號,22.800222,120.301913,小車計次(20元/8小時),0,154,0,"停車：
商場：全聯實業股份有限公司",(07)6214039,112/04/11～117/04/10
平面,岡山區,岡山平面,岡山路&民有路,22.791792,120.29625,小車計時(15元/半小時),0,177,59,竑穗興業股份有限公司,800208333,110/10/01～115/09/30
平面,岡山區,岡山戶政,岡山路345巷1號旁,22.797346,120.294407,小車計時(15元/半小時),0,57,0,竑穗興業股份有限公司,800208333,111/02/01～116/01/31
平面,岡山區,中華路圓環,中華路&民族路交岔西北側,22.793843,120.288066,小車計次(30元/6小時),0,20,0,竑穗興業股份有限公司,800208333,110/10/01～115/09/30
平面,岡山區,和平公園,大德一路＆竹圍東路,22.797501,120.30383,小車計次(30元/6小時),0,22,0,竑穗興業股份有限公司,800208333,110/10/01～115/09/30
平面,岡山區,平和岡燕,平和路6號對面,22.794561,120.296946,小車計時(15元/半小時),0,47,0,和雲行動服務股份有限公司,(07)3461515,111/09/01～116/08/31
平面,岡山區,國軒,國軒路7號旁,22.782239,120.284235,小車計時(15元/半小時),0,82,0,辰淵企業股份有限公司,(07)5368599,113/11/01～119/10/31
平面,彌陀區,彌陀公園,中正西路&中正北路,22.78443,120.246585,小車計次(30元/6小時),0,33,13,日月亭股份有限公司,(07)5314002,112/08/01～117/07/31
平面,橋頭區,仕興,仕豐路信義巷75號對面,22.749817,120.30965,小車計次(30元/6小時),0,32,0,日月亭股份有限公司,(07)5314002,112/08/01～117/07/31
平面,橋頭區,建樹,中正路48巷19號旁,22.817869,120.224527,小車計次(30元/6小時),0,31,0,日月亭股份有限公司,(07)5314002,112/08/01～117/07/31
平面,梓官區,蚵仔寮,A區：漁港二路13號前,22.727433,120.255335,小車計時(15元/半小時),0,163,72,日月亭股份有限公司,(07)5314002,113/01/31～117/12/31
-,-,-,B區：中正路75號後面,22.727433,120.255335,"小車平日計次(30元/6小時)
小車假日計時(15元/半小時)",-,-,-,-,-,-
-,-,-,C區：嘉好路26巷385弄,22.731726,120.259252,小車計次(30元/6小時),-,-,-,-,-,-
平面,楠梓區,歡樂17,軍校路&後昌路837巷,22.71027,120.292951,小車計時(15元/半小時),0,36,22,日月亭股份有限公司,(07)5314002,112/06/01～117/05/31
平面,楠梓區,廣昌,右昌忠義9巷&廣昌街113巷,22.70588,120.285434,小車計次(30元/6小時),0,57,68,宜舍企業股份有限公司,(07)5314002,112/07/01～116/04/30
平面,楠梓區,立民,立民路＆立仁路,22.742243,120.336768,小車計時(15元/半小時),0,32,0,竑穗興業股份有限公司,800208333,110/09/01～115/08/31
平面,楠梓區,常德,常順路＆常德街32巷,22.731953,120.336679,小車計次(30元/6小時),0,30,0,竑穗興業股份有限公司,800208333,110/09/01～115/08/31
平面,楠梓區,常順,常順路32巷＆當興街115巷,22.732167,120.337002,小車計次(30元/6小時),0,78,0,竑穗興業股份有限公司,800208333,110/09/01～115/08/31
平面,楠梓區,青埔,青埔街50巷,22.729683,120.323657,小車計次(30元/6小時),0,39,16,竑穗興業股份有限公司,800208333,110/08/01～115/07/31
平面,楠梓區,清豐,土庫二路&清豐三路,22.737587,120.327289,小車計次(30元/6小時),0,44,92,竑穗興業股份有限公司,800208333,110/08/01～115/07/31
平面,楠梓區,楠梓運動場,東寧路＆楠裕街,22.732346,120.331818,小車計次(30元/6小時),0,143,0,竑穗興業股份有限公司,800208333,110/09/01～115/08/31
平面,楠梓區,樂群,樂群路＆加宏路,22.71847,120.296781,小車計次(30元/6小時),0,34,0,竑穗興業股份有限公司,800208333,110/08/01～115/07/31
平面,楠梓區,三山,三山街＆福興街,22.715993,120.282675,小車計次(30元/6小時),0,99,0,竑穗興業股份有限公司,800208333,110/09/01～115/08/31
平面,楠梓區,惠民,惠民路＆壽豐路,22.723361,120.294092,小車計時(15元/半小時),0,63,68,竑穗興業股份有限公司,800208333,110/09/01～115/08/31
平面,楠梓區,加昌,加昌路＆軍校路880巷31弄,22.712932,120.292831,小車計時(15元/半小時),0,96,0,竑穗興業股份有限公司,800208333,110/08/01～115/07/31
平面,楠梓區,後昌,後昌路862-1號旁,22.712423,120.294523,小車計時(15元/半小時),0,13,10,竑穗興業股份有限公司,800208333,110/08/01～115/07/31
平面,楠梓區,大昌,右昌街79巷＆右昌街79巷132弄,22.707539,120.288766,小車計次(30元/6小時),0,13,0,日月亭股份有限公司,(07)5314002,111/01/01～115/12/31
平面,楠梓區,都會公園,德民路＆高楠公路,22.731411,120.320034,"小車計次(30元/6小時)
大車計次(60元/6小時)",36,287,281,日月亭股份有限公司,(07)5314002,111/01/01～115/12/31
平面,楠梓區,高楠公路,高楠公路1872巷,22.732453,120.321049,小車計次(30元/6小時),0,99,0,日月亭股份有限公司,(07)5314002,111/01/01～115/12/31
平面,楠梓區,清安,清安街29號旁,22.737417,120.338605,小車計次(30元/6小時),0,58,11,日月亭股份有限公司,(07)5314002,112/06/01～117/05/31
平面,楠梓區,惠豐,加昌路18巷,22.725562,120.321295,小車計次(30元/6小時),0,44,0,日月亭股份有限公司,(07)5314002,111/06/01～116/05/31
平面,楠梓區,安泰,安泰街221號,22.745067,120.335624,小車計時(25元/半小時),0,49,0,竑穗興業股份有限公司,800208333,112/09/08～117/09/30
平面,楠梓區,藍田,藍田路與大學17街,22.728237,120.282888,小車計時(15元/半小時),0,114,0,宜舍企業股份有限公司,(07)5314002,112/12/01～118/11/30
平面,楠梓區,莒光公園,後昌路782巷105號對面,22.712411,120.297967,小車計時(15元/半小時),0,36,0,宜舍企業股份有限公司,(07)5314002,113/07/01～117/09/30
立體,左營區,"海功
(地下)",海功路57號,22.693528,120.297248,小車計時(15元/半小時),0,506,0,辰淵企業股份有限公司,(07)5820597,112/01/01～116/12/31
立體,左營區,"福山
(地下)",重信路35號,22.683526,120.316536,小車計時(5元/半小時),0,459,0,詮營股份有限公司,(02)77490655,109/04/01～114/03/31
平面,左營區,微笑,自由三路161號對面,22.671386,120.311184,小車計次(30元/6小時),0,145,0,日月亭股份有限公司,(07)5314002,109/10/01～114/09/30
平面,左營區,富民,富民路&太原街,22.667631,120.305613,小車計時(20元/半小時),0,41,0,日月亭股份有限公司,(07)5314002,112/06/01～117/05/31
平面,左營區,龍華,大順一路&龍德新路,22.655956,120.310953,小車計次(30元/6小時),0,54,0,歐特儀股份有限公司,(07)5314002,113/08/01～118/07/31
平面,左營區,曾子,自由三路&曾子路路,22.676598,120.312769,小車計次(30元/6小時),0,37,0,日月亭股份有限公司,(07)5314002,111/01/01～115/12/31
平面,左營區,埤子頭,左營大路6巷81號對面,22.680342,120.289508,小車計時(15元/半小時),0,46,0,竑穗興業股份有限公司,800208333,111/02/01～116/01/31
平面,左營區,左營文恩,文恩路124巷3號前,22.68516,120.31901,小車計時(20元/半小時),0,106,292,竑穗興業股份有限公司,800208333,112/01/01～116/04/30
平面,左營區,左營站前,站前路&站前南路,22.686938,120.305205,"機車計次(15元/日)
小車計時(15元/半小時)",0,298,500,日月亭股份有限公司,(07)5314002,109/12/01～114/11/30
平面,左營區,哈囉市場,左營大路672巷&左營下路,22.691753,120.298629,小車計次(30元/6小時),0,166,0,俥亭事業股份有限公司,(07)6989439,112/12/01～117/11/30
平面,左營區,左營北站,左營大路＆進學路,22.690465,120.29538,小車計次(30元/6小時),0,53,0,俥亭事業股份有限公司,(07)6989439,112/10/01～117/09/30
平面,左營區,重平,重平路＆華夏路,22.685068,120.310609,小車計時(15元/半小時),0,54,0,五都停車場股份有限公司,923970000,110/02/01～115/01/31
平面,左營區,重和,重和路＆華夏路,22.685519,120.311382,小車計時(15元/半小時),0,160,0,五都停車場股份有限公司,923970000,110/02/01～115/01/31
平面,左營區,辛亥,裕誠路＆辛亥路,22.664795,120.310052,小車計時(15元/半小時),0,43,0,竑穗興業股份有限公司,800208333,110/11/01～115/10/31
平面,左營區,環潭,環潭路332之1號旁,22.686159,120.299988,小車計次(30元/6小時),0,32,0,竑穗興業股份有限公司,800208333,111/01/01～115/12/31
平面,左營區,海光,勝利路＆新莊仔路,22.67869,120.292626,"小車計次(30元/6小時)
大車計次(60元/6小時)",17,89,129,竑穗興業股份有限公司,800208333,110/11/01～116/11/30
平面,左營區,舊左營國中,新庄子路＆勝利路,22.677951,120.293234,小車計次(30元/6小時),0,141,0,-,-,-
平面,左營區,榮光,榮光街＆榮總路,22.684962,120.321603,小車計時(15元/半小時),0,26,24,竑穗興業股份有限公司,800208333,110/11/01～115/10/31
平面,左營區,果貿市場,翠華路＆中華一路,22.668348,120.288109,小車計時(30元/6小時),0,13,0,竑穗興業股份有限公司,800208333,110/11/01～115/10/31
平面,左營區,東門,翠華路601巷&城峰路,22.674278,120.290112,小車計次(30元/6小時),0,42,0,歐特儀股份有限公司,903135731,113/05/01～118/04/30
平面,左營區,啟文,啟文路(海青工商後方),22.6738587,120.2839719,小車計時(25元/半小時),0,40,0,辰淵企業股份有限公司,(07)5368599,112/06/01～118/05/31
平面,左營區,實踐,海富路＆實踐路,22.6903146,120.2893653,小車計時(25元/半小時),0,65,0,辰淵企業股份有限公司,(07)5368599,112/05/10～118/05/09
平面,左營區,左營左東,菜公路＆菜公路146巷,22.22691,120.30017,小車計時(25元/半小時),0,60,0,宜舍企業股份有限公司,(07)5314002,113/01/29～117/01/31
平面,左營區,自勉,介壽路與自勉路口,22.679017,120.280162,小車計次(30元/6小時),0,70,0,宜舍企業股份有限公司,(07)5314002,113/08/01～118/08/31
平面,左營區,三角公園,左營大路2-87號旁,22.678454,120.287413,小車計時(15元/半小時),0,40,0,宜舍企業股份有限公司,(07)5314002,113/11/01-119/10/31
立體,鼓山區,"鼓山國小
(地下)",登山街&壽山街,22.624803,120.271736,小車計時(15元/半小時),0,184,0,歐特儀股份有限公司,(07)5316253,110/03/31～115/03/30
立體,鼓山區,"美術館
(地上)",美術館路82號,22.655661,120.285431,小車計時(15元/半小時),0,398,0,竑穗興業股份有限公司,800208333,112/11/01～117/10/31
平面,鼓山區,華泰,華泰路&華泰路211巷,22.669561,120.293023,小車計時(15元/半小時),0,32,0,宜舍企業股份有限公司,(07)5314002,112/07/01～116/04/30
平面,鼓山區,前峰,內惟路&銘傳路,22.666703,120.28233,小車計時(30元/6小時),0,68,0,宜舍企業股份有限公司,(07)5314002,112/07/01～116/04/30
平面,鼓山區,河川,河川街&綠川街,22.635222,120.283772,小車計次(30元/6小時),0,22,11,阜爾運通股份有限公司,800208333,109/07/01～113/12/31
平面,鼓山區,哨船,哨船街85號旁,22.623574,120.269215,小車計時(25元/半小時),0,21,9,阜爾運通股份有限公司,800208333,109/07/01～113/12/31
平面,鼓山區,濱海,濱海二路&臨海二路,22.623975,120.269812,計時(25元/半小時),0,26,36,阜爾運通股份有限公司,800208333,109/07/01～113/12/31
平面,鼓山區,臨海二路,臨海二路&捷興街,22.621335,120.274466,"小車平日計時(15元/半小時)
小車假日計時(20元/半小時)",0,12,30,阜爾運通股份有限公司,800208333,109/07/01～113/12/31
平面,鼓山區,南鼓山,臨海二路&捷興二街,22.621624,120.27463,"小車平日計時(15元/半小時)
小車假日計時(20元/半小時)",0,28,0,阜爾運通股份有限公司,800208333,109/07/01～113/12/31
平面,鼓山區,廣三,鼓山一路＆鼓元街＆鼓元街2巷,22.620612,120.274421,"小車平日計次(30元/ 6小時)
小車假日計時(20元/半小時)",0,9,0,竑穗興業股份有限公司,800208333,114/01/01～119/03/31
平面,鼓山區,龍德,龍德新路&新德路,22.654402,120.304694,"小車平日計時(15元/半小時)
小車假日計時(20元/半小時)",0,39,0,阜爾運通股份有限公司,800208333,109/07/01～113/12/31
平面,鼓山區,裕興,中華一路＆中華一路29巷20弄,22.667319,120.290198,小車計時(15元/半小時),0,22,0,俥亭事業股份有限公司,(07)5314002,112/10/01～117/09/30
平面,鼓山區,柴山機車,青泉街＆青泉街126巷,22.654128,120.274536,-,0,0,150,-,-,-
立體,三民區,"十全
(地上)",十全路6號,22.645086,120.314642,小車計時(15元/半小時),0,208,0,日月亭股份有限公司,(07)3807433,109/01/21～114/01/20
立體,三民區,"光武國小
(地下)",光武路35號,22.639506,120.334803,小車計時(15元/半小時),0,128,0,歐特儀股份有限公司,(07)3853903,111/11/17～116/11/16
立體,三民區,"雄工
(地上)",大順二路338號,22.647358,120.323102,小車計時(15元/半小時),0,470,171,正好停股份有限公司,(07)3850621,113/03/01～118/02/28
平面,三民區,民族一路,民族一路＆九如二路(民族陸橋下西側),22.639833,120.31379,小車計時(15元/半小時),0,110,12,日月亭股份有限公司,(07)2351637,109/10/01～114/09/30
平面,三民區,明仁,明仁路&明吉路,22.662663,120.313188,小車計時(15元/半小時),0,111,0,竑穗興業股份有限公司,800208333,110/12/01～115/11/30
平面,三民區,正興,正興路&正興路163巷,22.646561,120.319689,小車計次(30元/6小時),0,139,46,竑穗興業股份有限公司,800208333,113/04/01～118/03/31
平面,三民區,臥龍,九如一路&臥龍路,22.638336,120.329918,小車計時(15元/半小時),0,28,0,歐特儀股份有限公司,(07)2239489,113/08/01～118/07/31
平面,三民區,陽明,陽明路&義華路,22.642932,120.342197,小車計時(15元/半小時),0,48,0,歐特儀股份有限公司,(07)2291941,113/06/01～118/05/31
平面,三民區,澄東,文安南街&褒揚東街,22.64029,120.346381,小車計時(15元/半小時),0,127,0,歐特儀股份有限公司,(07)2291941,113/06/01～118/05/31
平面,三民區,寶華,陽明路16巷內,22.637446,120.342022,小車計時(15元/半小時),0,91,46,日月亭股份有限公司,(07)5314002,111/01/01～115/12/31
平面,三民區,本和,鼎勇街&大園街,22.657448,120.325242,小車計時(30元/6小時),0,162,0,宜舍企業股份有限公司,(07)5314002,112/06/01～116/04/30
平面,三民區,金鼎,金山路&金山路18巷,22.66334,120.326025,小車計次(30元/6小時),0,36,0,宜舍企業股份有限公司,(07)5314002,112/06/01～116/04/30
平面,三民區,鼎泰,裕誠路＆鼎瑞街,22.663858,120.315139,小車計時(15元/半小時),0,62,83,竑穗興業股份有限公司,800208333,110/09/01～115/08/31
平面,三民區,金山,金山路＆金山路360巷,22.661921,120.31869,小車計時(15元/半小時),0,8,17,竑穗興業股份有限公司,800208333,110/09/01～115/08/31
平面,三民區,三民二號公園,同協路＆安東街,22.648421,120.295634,小車計次(30元/6小時),0,51,25,竑穗興業股份有限公司,800208333,110/09/01～115/08/31
平面,三民區,皓東,正忠路&皓東路17巷,22.648507,120.331212,小車計次(30元/6小時),0,89,0,阜爾運通股份有限公司,800208333,109/07/01～113/12/31
平面,三民區,聯興,聯興路與大順一路口,22.656165,120.313863,"機車計次(15元/日)
小車計時(15元/半小時)",0,121,50,日月亭股份有限公司,(07)2351637,114/01/01～119/6/30
平面,三民區,金獅湖,鼎金一巷蝴蝶園旁,22.665892,120.328285,小車計次(30元/6小時),0,37,42,阜爾運通股份有限公司,800208333,109/07/01～113/12/31
平面,三民區,龍江公園,龍江街＆復興一路,22.639894,120.308364,小車計時(15元/半小時),0,29,47,日月亭股份有限公司,(07)2351637,111/01/01～115/12/31
平面,仁武區,仁武竹後,水管路北側＆竹後社區活動中心旁,22.706409,120.337235,小車計次(30元/6小時),0,36,0,和雲行動服務股份有限公司,(07)3461515,109/04/01～114/03/31
平面,仁武區,安樂三街,安樂三街76巷,22.708016,120.346245,小車計時(15元/半小時),0,20,0,歐特儀股份有限公司,903135731,113/04/01～119/03/31
平面,仁武區,慈惠,赤仁路60號對面,22.675948,120.347985,小車計次(30元/6小時),0,59,0,日月亭股份有限公司,(07)5314002,111/01/01～115/12/31
平面,仁武區,八卦里,永仁街＆永新二街,22.682962,120.332101,小車計次(30元/6小時),0,60,12,竑穗興業股份有限公司,800208333,110/10/01～115/09/30
平面,仁武區,仁和公園,仁和公園內,22.680995,120.352465,小車計次(30元/6小時),0,55,0,竑穗興業股份有限公司,800208333,110/10/01～115/09/30
平面,仁武區,仁慈公園,仁慈公園旁,22.671833,120.359018,小車計次(30元/6小時),0,35,0,日月亭股份有限公司,(07)5314002,112/09/01～118/08/31
平面,仁武區,仁武澄仁,澄仁路56巷旁,22.679218,120.345208,小車計次(30元/6小時),0,40,48,日月亭股份有限公司,(07)5314002,112/09/01～118/08/31
平面,仁武區,慈惠六街,慈惠六街,22.674312,120.351436,小車計次(30元/6小時),0,119,0,日月亭股份有限公司,(07)5314002,112/09/01～118/08/31
平面,仁武區,澄德停一,八德東路&京吉六路,22.685134,120.34144,小車計次(30元/6小時),0,114,0,竑穗興業股份有限公司,800208333,110/10/01～115/09/30
平面,仁武區,澄觀停八,京富路＆京文街,22.6790964,120.3346903,小車計次(30元/6小時),0,66,0,日月亭股份有限公司,(07)5314002,111/01/01～115/12/31
平面,仁武區,大豐公園,大灣綜合活動中心前,22.676219,120.336655,小車計次(30元/6小時),0,81,0,竑穗興業股份有限公司,800208333,113/10/01～119/09/30
平面,仁武區,灣北公園南側,八德東路笙曜企業有限公司仁武廠旁,22.68772,120.347113,小車計次(30元/6小時),0,59,0,竑穗興業股份有限公司,800208333,113/10/01～119/09/30
平面,仁武區,八德小車,八德南路&京吉一路,22.68097,120.340232,小車計次(30元/6小時),0,122,0,竑穗興業股份有限公司,800208333,110/10/01～115/09/30
平面,仁武區,八德大車,八德南路&澄觀路旁,22.680336,120.340526,大車計次(60元/6小時),79,0,0,國雲科技股份有限公司,800779979,112/07/01～118/06/30
平面,仁武區,澄觀大車,八德西路&京富路,22.677131,120.330974,"小車計次(30元/6小時)
大車計次(60元/6小時)",112,0,0,國雲科技股份有限公司,800779979,112/07/01～118/06/30
立體,新興區,"忠孝
(地下)",忠孝一路331號,22.633395,120.306056,小車計時(20元/半小時),0,568,0,俥亭事業股份有限公司,(07)2351637,112/08/01～117/07/31
立體,新興區,"民權輕鋼架
(地上)",民權一路221號,22.623527,120.311551,小車計時(15元/半小時),0,256,203,日月亭股份有限公司,(07)2292017,110/11/01～115/10/31
立體,新興區,"財稅大樓
(地下)",中正三路25號,22.630674,120.309858,小車計時(15元/半小時),0,131,0,歐特儀股份有限公司,(07)2291941,111/07/01～116/06/30
平面,新興區,忠孝一路,中正三路&忠孝一路,22.630911,120.306104,小車計時(20元/半小時),0,40,7,宜舍企業股份有限公司,(07)2351637,112/07/01～116/05/31
平面,新興區,"信義國小機車
(錦田機車)",中正三路&錦田路；信義國小旁,22.631477,120.310186,-,0,0,124,-,-,-
立體,前金區,"自強
(地下)",文武一街65號,22.631162,120.29344,小車計時(15元/半小時),0,305,0,歐特儀股份有限公司,(07)2150135,109/05/01～114/04/30
平面,前金區,六合夜市,六合二路&瑞源路,22.631336,120.29721,小車計時(15元/半小時),14,35,0,日月亭股份有限公司,(07)5314002,109/11/01～114/10/31
平面,前金區,自強三路,自強三路&光明街,22.620724,120.297242,"小車平日計時(15元/半小時)
小車假日計時(20元/半小時)",0,51,0,阜爾運通股份有限公司,800208333,109/07/01～113/12/31
平面,前金區,成功機車,成功一路&前金二街,22.6271,120.292778,機車計次(15元/日),0,0,60,宜舍企業股份有限公司,(07)2351637,113/09/01～118/08/31
立體,鹽埕區,"鹽埕
(地上)",大仁路10號,22.62497,120.286378,"小車平日計時(15元/半小時)
小車假日計時(20元/半小時)",0,931,0,俥亭事業股份有限公司,(07)5314002,112/10/01～117/09/30
立體,鹽埕區,"國際會議中心
(地下)",中正四路274號,22.626505,120.286221,"小車平日計時(15元/半小時)
小車假日計時(20元/半小時)",0,209,0,正好停股份有限公司,(07)5310730,112/10/01~117/09/30
平面,鹽埕區,大義公園,公園路&大義街,22.61966,120.285361,"機車計次(15元/日)
小車平日計次(50元/6小時)
小車假日小車計時(15元/半小時)
大車計時(30元/半小時)",10,346,692,阜爾運通股份有限公司,800208333,109/07/01～113/12/31
立體,苓雅區,"文化中心
(地下)",五福一路67號,22.627123,120.318888,小車計時(15元/半小時),0,830,0,歐特儀股份有限公司,(07)2233573,113/07/01～118/06/30
立體,苓雅區,"凱旋
(地下)",凱旋二路130號,22.625122,120.324037,小車計時(10元/半小時),0,559,0,歐特儀股份有限公司,933103225,110/04/01～115/03/31
立體,苓雅區,"武廟
(地上)",輔仁路123號,22.628847,120.332577,小車計時(15元/半小時),0,121,180,歐特儀股份有限公司,(07)7164421,109/05/09～114/05/08
立體,苓雅區,"四維
(地上)",苓雅一路226號,22.621429,120.311083,小車計時(15元/半小時),0,819,1004,竑穗興業股份有限公司,800208333,112/11/01～117/10/31
平面,苓雅區,苓中,苓雅一路&文橫二路,22.619044,120.305089,"小車平日計時(15元/半小時)
小車假日計時(20元/半小時)",0,69,47,阜爾運通股份有限公司,800208333,109/07/01～113/12/31
平面,苓雅區,輔仁,輔仁路&輔仁路89巷,22.625397,120.332024,小車計次(30元/6小時),0,27,46,阜爾運通股份有限公司,800208333,109/07/01～113/12/31
平面,苓雅區,允文,允文街&永明街,22.618606,120.294856,小車計時(15元/半小時),0,13,16,竑穗興業股份有限公司,800208333,110/09/01～115/08/31
平面,苓雅區,福裕,福德三路&福德三路133巷,22.622703,120.327201,小車計次(30元/6小時),0,114,0,竑穗興業股份有限公司,800208333,110/09/01～115/08/31
平面,苓雅區,英明,英明路&英明路163巷,22.617353,120.32438,小車計時(15元/半小時),0,92,32,日月亭股份有限公司,(07)2351637,109/11/01～114/10/31
平面,苓雅區,同慶,凱旋路&同慶路,22.627924,120.322928,小車計時(15元/半小時),0,111,110,竑穗興業股份有限公司,800208333,110/12/01～115/11/30
平面,苓雅區,金馬,三多一路&輔仁路,22.623718,120.33371,"小車計時(15元/半小時)
大車計時(30元/半小時)",13,182,28,竑穗興業股份有限公司,800208333,110/10/01～115/09/30
平面,苓雅區,林德官,廣州一街&廣東一街3巷,22.618869,120.319217,小車計時(15元/半小時),0,228,24,日月亭股份有限公司,(07)2351637,109/10/01～114/09/30
平面,苓雅區,正德,福德二路264巷&建國一路140巷25弄,22.6353,120.3289,小車計次(30元/6小時),0,14,0,和雲行動服務股份有限公司,(02)25171453,109/09/16～114/09/15
平面,苓雅區,福德,建國一路&福德二路,22.632876,120.328076,小車計時(15元/半小時),0,35,55,日月亭股份有限公司,(07)2351637,109/11/01～114/10/31
平面,苓雅區,樂仁,樂仁路125巷6弄&大順三路305巷,22.636993,120.325241,小車計時(15元/半小時),0,24,0,日月亭股份有限公司,(07)2351637,113/12/01～119/11/30
平面,苓雅區,建軍,三多一路&建軍路,22.626156,120.342225,小車計時(15元/半小時),0,46,22,-,-,-
平面,苓雅區,正憲,"A：憲政路242巷&安康路20巷
B：安康路&安康路20巷",22.63712,120.321546,小車計次(30元/6小時),0,217,86,-,-,-
立體,鳳山區,"鳳山運動園區
(地下)",立志街&體育路,22.623137,120.354463,小車計時(15元/半小時),0,614,0,日月亭股份有限公司,(07)7193409,111/05/23～116/05/22
立體,鳳山區,"五甲國宅社區
(地下)",國隆路6號,22.616454,120.347375,小車計次(30元/6小時),0,204,0,日月亭股份有限公司,(07)7636295,111/01/01～115/12/31
平面,鳳山區,竹子腳,瑞順街102號斜對面,22.628503,120.368627,小車計次(30元/6小時),0,17,0,竑穗興業股份有限公司,800208333,110/08/01～115/07/31
平面,鳳山區,二聖,二聖路&凱旋三路,22.612103,120.328228,小車計時(15元/半小時),0,122,0,竑穗興業股份有限公司,800208333,110/08/01～115/07/31
平面,鳳山區,"鳳山行政中心
西側",光復路二段&建軍路,22.62951,120.34221,"機車計次(10元/日)
小車計時(15元/半小時)",0,317,186,俥亭事業股份有限公司,(07)7406233,113/01/01～117/12/31
平面,鳳山區,衛武營東側,南京路&國興街,22.61903,120.34489,"機車計次(15元/日)
小車計時(15元/半小時)",0,95,120,俥亭事業股份有限公司,(07)7406168,112/01/01～116/03/31
平面,鳳山區,五甲社區,國富路&國富路21巷,22.615336,120.350329,小車計次(30元/6小時),0,176,0,俥亭事業股份有限公司,(07)7406168,113/04/01～118/03/31
平面,鳳山區,五甲七老爺,五甲二路105巷&五甲二路149巷,22.600308,120.341213,"小車計時(15元/半小時)
大車計時(30元/半小時)",22,68,0,俥亭事業股份有限公司,(07)7406168,113/08/01～118/07/31
平面,鳳山區,鳳山田中央,鳳頂路&田中央路,22.594589,120.359333,小車計次(30元/6小時),0,28,10,俥亭事業股份有限公司,(07)7406168,113/09/01～119/2/28
平面,鳳山區,誠勇,誠勇路&鳳頂路,22.608873,120.362363,小車計時(15元/半小時),0,58,0,日月亭股份有限公司,(07)7406168,114/01/01～119/12/31
平面,鳳山區,五甲,國光路65巷&國光路,22.619419,120.35075,小車計次(30元/6小時),0,45,0,和雲行動服務股份有限公司,(02)25171453,109/10/01～114/09/30
平面,鳳山區,北昌,北昌二街&北昌路,22.645779,120.37243,小車計次(30元/6小時),0,106,67,阜爾運通股份有限公司,800208333,109/07/01～113/12/31
平面,鳳山區,國泰青年,光華路&協利街,22.623721,120.348597,小車計次(30元/6小時),0,514,0,阜爾運通股份有限公司,800208333,109/07/01～113/12/31
平面,鳳山區,中崙,中崙二路&中崙三路,22.603646,120.352514,小車計次(30元/6小時),0,150,0,阜爾運通股份有限公司,800208333,109/07/01～113/12/31
平面,鳳山區,七老爺,中崙路&中崙五路,22.596873,120.354937,小車計時(15元/半小時),0,69,0,辰淵企業股份有限公司,(07)5368599,113/08/01～119/07/31
平面,鳳山區,鳳陽,瑞智街&瑞大街,22.631674,120.370014,小車計次(30元/6小時),0,37,20,阜爾運通股份有限公司,800208333,109/07/01～113/12/31
平面,鳳山區,鳳甲,鳳甲二街&南華一路,22.59635,120.343114,小車計次(30元/6小時),0,80,0,阜爾運通股份有限公司,800208333,109/07/01～113/12/31
平面,鳳山區,鳳青,文教路81號對面,22.634431,120.348251,小車計次(30元/8小時),0,18,0,全國專業開發管理股份有限公司,(06)2992256,112/04/03～116/04/02
平面,鳳山區,鳳山鳳頂,鳳頂路&過埤路,22.590625,120.358715,小車計次(30元/6小時),0,64,34,"車棚：環球大宇宙太陽能工業有限公司
停車：凱映國際股份有限公司","0980889269
0903030408","110/06/01～120/04/30
113/03/01～120/04/30"
平面,鳳山區,頂新,頂庄路&頂新五街,22.588327,120.364971,小車計次(30元/6小時),0,26,0,阜爾運通股份有限公司,800208333,109/07/01～113/12/31
平面,鳳山區,頂明,頂庄路&頂明路,22.588619,120.355031,小車計次(30元/6小時),0,56,0,阜爾運通股份有限公司,800208333,109/07/01～113/12/31
平面,鳳山區,保華,海涵路&保華一路,22.590172,120.346597,小車計次(30元/6小時),0,68,0,北將科技有限公司,927671855,113/12/01～119/11/30
平面,鳳山區,南成,南和一路&和成路,22.590557,120.338333,小車計次(30元/6小時),0,73,0,阜爾運通股份有限公司,800208333,109/07/01～113/12/31
平面,鳳山區,福誠,福誠三街&福誠五街,22.593667,120.323369,小車計次(30元/6小時),0,46,52,阜爾運通股份有限公司,800208333,109/07/01～113/12/31
平面,鳳山區,瑞興,瑞光路&瑞光街,22.63118,120.370612,小車計次(30元/6小時),0,236,0,和雲行動服務股份有限公司,(02)25171453,109/06/01～116/11/30
平面,鳳山區,鳳山忠誠,鳳北路&鳳北路108巷&北榮街61巷,22.641438,120.367006,小車計次(30元/6小時),0,20,10,俥亭事業股份有限公司,(07)7161838,113/01/01～118/06/30
平面,鳳山區,黃埔新村,中山東路&維武路,22.62039,120.364648,小車計次(30元/6小時),0,49,0,俥亭事業股份有限公司,(07)7161838,113/01/01～118/06/30
平面,鳳山區,黃埔新村二,黃埔新村西一巷,22.619687,120.363647,"小車計時(15元/半小時)
機車計次(15元/日)",0,44,68,俥亭事業股份有限公司,(07)7161838,113/01/01～118/06/30
平面,鳳山區,鳳山捷運機車,捷運鳳山站1號出,22.625852,120.356273,機車計次(15元/日),0,0,166,宜舍企業股份有限公司,(07)2351637,113/08/01～118/07/31
平面,鳳山區,鳳山國中機車,捷運鳳山國中站1號出,22.624442,120.370932,機車計次(15元/日),0,0,363,宜舍企業股份有限公司,(07)2351637,113/08/01～118/07/31
平面,鳳山區,鳳山轉運站機車,鳳山轉運站北側&大東公園西側,22.625697,120.364151,-,0,0,102,-,-,-
平面,鳳山區,五甲停二機車,國光路&國昌路12巷,22.618451,120.353128,-,0,0,42,-,-,-
平面,鳳山區,五甲停三機車,凱旋路&凱旋路341巷,22.614674,120.347144,-,0,0,91,-,-,-
平面,鳥松區,鳥松勞工公園,長庚路北側,22.650639,120.358506,小車計時(15元/半小時),0,190,292,和雲行動服務股份有限公司,(02)25171453,109/04/01～114/03/31
平面,鳥松區,永興,本華路&永善路,22.650987,120.340751,小車計次(30元/6小時),0,45,0,竑穗興業股份有限公司,800208333,110/10/01～115/09/30
平面,鳥松區,觀湖,公園路&近山明街(消防隊旁),22.655457,120.360088,小車計次(30元/6小時),0,79,0,阜爾運通股份有限公司,800208333,110/09/16～115/09/15
平面,鳥松區,澄清湖西側,澄清湖風景區大門左側,22.653542,120.349278,小車計次(30元/6小時),0,18,0,阜爾運通股份有限公司,800208333,110/09/16～115/09/15
平面,鳥松區,鳥松神農,江埤路&美德二街,22.652168,120.390184,小車計次(30元/6小時),0,130,115,俥亭事業股份有限公司,(07)7161838,113/03/01～118/08/31
平面,鳥松區,鳥松育英,琅環二街&育成三街,22.665936,120.358702,小車計次(30元/6小時),0,52,0,俥亭事業股份有限公司,(07)7161838,113/03/01～118/08/31
平面,鳥松區,鳥松仁倉,美山路156號&神農路,22.64887,120.39165,"小車計次(30元/6小時)
大車計次(60元/6小時)",8,16,0,俥亭事業股份有限公司,(07)7161838,113/03/01～118/08/31
平面,鳥松區,鳥松松埔,松埔路37巷8弄&松埔路37巷,22.66076,120.382338,小車計次(30元/6小時),0,22,0,俥亭事業股份有限公司,(07)7161838,113/03/01～118/08/31
平面,鳥松區,鳥松,華山路&華山二街,22.660305,120.393283,小車計次(30元/6小時),0,38,0,全國專業開發管理股份有限公司,(06)2992256,113/12/01～119/11/30
立體,前鎮區,"盛興
(地下)",林森三路145號,22.613565,120.308551,小車計時(15元/半小時),0,382,0,正好停股份有限公司,(07)3850621,114/01/01～119/12/31
立體,前鎮區,"民權
(地下)",泰山街1號,22.608298,120.315859,小車計時(15元/半小時),0,479,0,詮營股份有限公司,(02)77490656,109/10/01～114/09/30
平面,前鎮區,君毅,君毅正勤社區正勤路出入,22.602147,120.303816,小車計次(30元/6小時),0,47,0,國雲科技股份有限公司,800779979,113/04/01～118/03/31
平面,前鎮區,沱江,管仲路&沱江街,22.606672,120.311992,小車計時(15元/半小時),0,78,0,宜舍企業股份有限公司,(07)2351637,112/07/01～116/04/30
平面,前鎮區,英德街,和平二路&英德街,22.613862,120.322347,小車計時(20元/半小時),0,85,25,宜舍企業股份有限公司,(07)2351637,112/06/01～116/04/30
平面,前鎮區,正勤中華,中華五路&正勤路,22.603428,120.307007,"小車計時(15元/半小時)
大車計時(30元/半小時)",4,58,0,國雲科技股份有限公司,800779979,112/11/01～117/10/31
平面,前鎮區,正勤中山,中山三路&正勤路,22.60387,120.308319,小車計時(15元/半小時),0,63,215,日月亭股份有限公司,(07)2351637,109/11/01～114/10/31
平面,前鎮區,獅甲,復興三路&中華五路,22.606232,120.303883,小車計時(15元/半小時),0,46,17,歐特儀股份有限公司,903135731,112/01/01～116/12/31
平面,前鎮區,時代大道,中華五路&時代大道,22.596406,120.308948,小車計時(15元/半小時),0,48,0,歐特儀股份有限公司,903135731,111/11/01～116/10/31
平面,前鎮區,時代大道第二,時代大道＆時代南二路＆時代南一路,22.5972,120.31102,小車計時(15元/半小時),0,149,93,國雲科技股份有限公司,800779979,112/09/01～117/08/31
平面,前鎮區,德昌,德昌路＆同安路,22.583756,120.317067,小車計次(30元/6小時),0,43,16,歐特儀股份有限公司,903135731,112/01/01～116/12/31
平面,前鎮區,后安,后安路＆天倫街,22.573622,120.321956,小車計次(30元/6小時),0,73,0,歐特儀股份有限公司,903135731,112/01/01～116/12/31
平面,前鎮區,管仲,管仲路＆光華三路,22.604613,120.313771,小車計時(15元/半小時),0,229,50,歐特儀股份有限公司,903135731,112/04/01～117/03/31
平面,前鎮區,光華,光華三路＆ㄧ心一路203巷,22.606806,120.316827,小車計次(30元/6小時),0,212,0,歐特儀股份有限公司,903135731,112/04/01～117/03/31
平面,前鎮區,瑞北,瑞北路＆瑞恩街,22.608906,120.329566,小車計次(30元/6小時),0,27,0,歐特儀股份有限公司,903135731,112/05/01～117/04/30
平面,前鎮區,瑞福,瑞福路＆瑞安街,22.607753,120.33541,小車計次(30元/6小時),0,55,26,歐特儀股份有限公司,903135731,112/05/01～117/04/30
平面,前鎮區,瑞豐,瑞豐國小對面,22.606554,120.33581,小車計次(30元/6小時),0,35,34,歐特儀股份有限公司,903135731,112/05/01～117/04/30
平面,前鎮區,瑞昌,瑞隆路190巷4弄＆瑞福路,22.606381,120.335735,小車計次(30元/6小時),0,11,0,歐特儀股份有限公司,903135731,112/05/01～117/04/30
平面,前鎮區,瑞泰,瑞泰街＆瑞福路,22.607057,120.335052,小車計次(30元/6小時),0,26,0,歐特儀股份有限公司,903135731,112/05/01～117/04/30
平面,前鎮區,崗山仔公園,瑞豐國小對面,22.605877,120.337011,小車計時(15元/半小時),0,100,0,歐特儀股份有限公司,903135731,112/03/01～117/02/29
平面,前鎮區,鎮興,凱旋四路＆鎮興路,22.592822,120.311334,小車計次(30元/6小時),0,65,0,歐特儀股份有限公司,903135731,111/08/01～116/07/31
平面,前鎮區,鎮賢,鎮賢街52巷旁,22.589858,120.309262,小車計次(30元/6小時),0,23,20,歐特儀股份有限公司,903135731,111/09/01～116/08/31
平面,前鎮區,鎮榮,鎮榮街＆鎮華街,22.588912,120.30977,小車計次(30元/6小時),0,60,0,歐特儀股份有限公司,903135731,111/08/01～116/07/31
平面,前鎮區,向榮,向榮街＆崇安街,22.571564,120.331,小車計次(30元/6小時),0,17,0,歐特儀股份有限公司,903135731,111/09/01～116/08/31
平面,前鎮區,明義,草衙二路&中平路,22.576667,120.324232,小車計時(15元/半小時),0,32,0,國雲科技股份有限公司,800779979,113/01/01～117/12/31
平面,前鎮區,民權二路,民權二路＆衡山街,22.609261,120.313094,小車計時(15元/半小時),0,47,0,國雲科技股份有限公司,800779979,112/11/01~117/10/31
平面,前鎮區,成功二路,成功二路＆時代大道,22.595218,120.304855,小車計時(15元/半小時),0,63,31,歐特儀股份有限公司,903135731,112/03/01～117/02/29
平面,前鎮區,仁愛三街,仁愛三街18號旁,22.615484,120.311121,小車計時(15元/半小時),0,20,11,歐特儀股份有限公司,903135731,111/11/01～116/10/31
平面,前鎮區,凱旋三路,凱旋三路&賢明路,22.60844,120.325154,小車計次(30元/6小時),0,24,22,歐特儀股份有限公司,903135731,111/08/01～116/07/31
平面,前鎮區,凱旋四路,中華五路＆凱旋四路,22.59448,120.31161,小車計時(15元/半小時),0,150,61,國雲科技股份有限公司,800779979,112/09/01～117/08/31
平面,前鎮區,新光,成功路高雄展覽館旁,22.607547,120.299849,"機車平日計次(15元/日)
機車假日計次(30元/日)
小車平日計時(15元/半小時)
小車假日計時(20元/半小時)
大車平日計時(30元/半小時)
大車假日計時(40元/半小時)",15,677,569,俥亭事業股份有限公司,(07)7161838,114/01/01～116/12/31
平面,前鎮區,前鎮高中機車,捷運前鎮高中站1號出,22.587416,120.322356,機車計次(15元/日),0,0,164,宜舍企業股份有限公司,(07)2351637,113/08/01～118/07/31
平面,前鎮區,前鎮貨櫃車,草衙二路與金福路(台糖貨櫃車停車區內),22.576432,120.325565,"大車月租4,500元",23,0,0,國本通運股份有限公司,(07)821-9223,112/09/01~117/08/31
平面,旗津區,旗津老街,發祥街&旗津三路,22.610511,120.268098,"小車週一至週四計次(50元/6小時)
小車週五&假日計時(25元/半小時)",0,105,0,歐特儀股份有限公司,903135731,112/01/01～116/12/31
平面,旗津區,旗津海岸,旗津海水浴場旁,22.608677,120.26927,"小車週一至週四計次(50元/6小時)
小車週五&假日計時(25元/半小時)
大車週一至週四計次(100元/6小時)
大車週五&假日計時(60元/半小時)",22,92,0,歐特儀股份有限公司,903135731,112/01/01～116/12/31
平面,旗津區,中洲,中洲二路204號旁,22.582749,120.291044,小車週五&假日計次(30元/6小時),0,23,40,歐特儀股份有限公司,903135731,112/01/01～116/12/31
平面,旗津區,中興市場,廣澤街＆商港街,22.573949,120.296518,小車週五&假日計次(30元/6小時),0,18,0,歐特儀股份有限公司,903135731,112/01/01～116/12/31
立體,小港區,"小港
(地下)",小港路175號,22.564404,120.338011,小車計時(15元/半小時),0,219,0,辰淵企業股份有限公司,(07)8159068,111/05/01～116/04/30
平面,小港區,二苓,二苓路176巷,22.566126,120.349662,小車計次(30元/6小時),0,12,24,歐特儀股份有限公司,903135731,112/01/01～116/12/31
平面,小港區,中光,中光街＆中光街22巷,22.571586,120.355798,小車計次(30元/6小時),0,25,0,歐特儀股份有限公司,903135731,111/11/01～116/10/31
平面,小港區,店北,店北路＆店鳳街,22.562744,120.351518,小車計次(30元/6小時),0,21,0,歐特儀股份有限公司,903135731,111/10/01～116/09/30
平面,小港區,松崗,松崗路＆松崗路18巷,22.574795,120.374217,小車計次(30元/6小時),0,19,14,歐特儀股份有限公司,903135731,111/10/01～116/09/30
平面,小港區,華山,華山路＆華仁街,22.568078,120.366209,小車計次(30元/6小時),0,31,0,歐特儀股份有限公司,903135731,111/11/01～116/10/31
平面,小港區,小港鳳陽,鳳陽街18巷&6巷,22.562484,120.370225,小車計次(30元/6小時),0,20,0,國雲科技股份有限公司,800779979,113/01/01～117/12/31
平面,小港區,小港鳳盛,鳳盛街38號對面,22.524321,120.348137,小車計次(30元/6小時),0,17,0,國雲科技股份有限公司,800779979,112/11/01～117/10/31
平面,小港區,小港龍鳳,龍鳳街＆朝福街,22.513435,120.357175,小車計次(30元/6小時),0,30,0,國雲科技股份有限公司,800779979,112/11/01～117/10/31
平面,小港區,港興社區,小港路90巷3弄＆小港路120巷,22.56649,120.342104,小車計次(30元/6小時),0,45,0,國雲科技股份有限公司,800779979,112/11/01～117/10/31
平面,小港區,小港平和,平和路＆平和南路,22.562514,120.335809,小車計次(30元/6小時),0,46,0,"車棚：環球大宇宙太陽能工業有限公司
停車：凱映國際股份有限公司","0980889269
0903030408","110/06/01～120/04/30
113/03/01～120/04/30"
平面,小港區,孔宅,孔宅新路＆孔宅街,22.579181,120.372294,小車計時(15元/半小時),0,34,0,辰淵企業股份有限公司,925018057,112/12/01～118/11/30
平面,小港區,小港高坪,A區：高坪7路＆高坪22路,22.561164,120.388886,小車計次(30元/6小時),0,89,0,"車棚：全盈光電有限公司
停車：辰淵企業股份有限公司","0800035518
0925018057","111/09/01～121/07/31
113/12/21～121/07/31"
,,,B區：高坪23路＆高坪32街,22.556462,120.381135,,,,,,,
平面,小港區,高松,高松路、松直路口,22.571339,120.374668,小車計次(30元/6小時),0,42,0,北將科技有限公司,927671855,113/08/01～119/07/31
平面,大寮區,"大寮仁勇
（仁德116）",大寮地政事務所旁,22.601793,120.394308,-,0,145,103,-,-,-
平面,大寮區,"大寮正氣
（大寮停二）",中山高級工商職業學校對面,22.601793,120.394308,"小車計時(15元/半小時)
大車計時(30元/半小時)",44,130,0,竑穗興業股份有限公司,800208333,110/07/01～115/12/31
立體,林園區,"林園
(地上)",林園南路77號,22.502752,120.395874,計時(15元/半小時),0,244,67,歐特儀股份有限公司,(07)6460526,113/07/01～118/06/30
平面,林園區,林園田中央,東林西路249巷,22.501031,120.388879,小車計次(30元/6小時),0,45,0,國雲科技股份有限公司,800779979,113/01/01～117/12/31
